{"label": "dia", "volumes": [13.623070244129195, 14.0927906186291, 14.573185997428338, 15.064376333295757, 15.566481561099092, 16.07962163400708, 16.60391648648312, 17.139486067119005, 17.686450324922088, 18.24492919373254, 18.81504262775772, 19.396910560411374, 19.990652946331714, 20.596389718497182, 21.214240831985723, 21.84432621933166, 22.4867658360615, 23.141679614256514, 23.809187509900642, 24.48940945461339, 25.1824654048449, 25.88847529174402, 26.60755907223594, 27.33983667699005, 28.08542806341549], "energies": [-8.81956422390625, -9.04059678734375, -9.23358870609375, -9.40056083, -9.54323622234375, -9.663416095625, -9.76282099671875, -9.843111409375, -9.90584517109375, -9.95243625375, -9.9842094121875, -10.0024465525, -10.008336821875, -10.00298154234375, -9.987402119375, -9.96257777265625, -9.9294045878125, -9.888758146875, -9.841421435625, -9.78812180359375, -9.72954465421875, -9.66635351, -9.5991583575, -9.5285039809375, -9.454903898125]}